Card number,Modification date,Version
AGOV-JP000,2023-05-15 03:19:13,New
AGOV-JP001,2023-05-15 03:19:13,New
AGOV-JP002,2023-05-15 03:19:13,New
AGOV-JP003,2023-05-15 03:19:13,New
AGOV-JP004,2023-05-15 03:19:13,New
AGOV-JP005,2023-05-15 03:19:13,New
AGOV-JP006,2023-05-15 03:19:13,New
AGOV-JP007,2023-05-15 03:19:13,New
AGOV-JP008,2023-05-15 03:19:13,New
AGOV-JP009,2023-05-15 03:19:13,New
AGOV-JP010,2023-05-15 03:19:13,New
AGOV-JP011,2023-05-15 03:19:13,New
AGOV-JP012,2023-05-15 03:19:13,New
AGOV-JP013,2023-05-15 03:19:13,New
AGOV-JP014,2023-05-15 03:19:13,New
AGOV-JP015,2023-05-15 03:19:13,New
AGOV-JP016,2023-05-15 03:19:13,New
AGOV-JP017,2023-05-15 03:19:13,New
AGOV-JP018,2023-05-15 03:19:13,New
AGOV-JP019,2023-05-15 03:19:13,New
AGOV-JP020,2023-05-15 03:19:13,New
AGOV-JP021,2023-05-15 03:19:13,New
AGOV-JP022,2023-05-15 03:19:13,New
AGOV-JP023,2023-05-15 03:19:13,New
AGOV-JP024,2023-05-15 03:19:13,New
AGOV-JP025,2023-05-15 03:19:13,New
AGOV-JP026,2023-05-15 03:19:13,New
AGOV-JP027,2023-05-15 03:19:13,New
AGOV-JP028,2023-05-15 03:19:13,New
AGOV-JP029,2023-05-15 03:19:13,New
AGOV-JP030,2023-05-15 03:19:13,New
AGOV-JP031,2023-05-15 03:19:13,New
AGOV-JP032,2023-05-15 03:19:13,New
AGOV-JP033,2023-05-15 03:19:13,New
AGOV-JP034,2023-05-15 03:19:13,New
AGOV-JP035,2023-05-15 03:19:13,New
AGOV-JP036,2023-05-15 03:19:13,New
AGOV-JP037,2023-05-15 03:19:13,New
AGOV-JP038,2023-05-15 03:19:13,New
AGOV-JP039,2023-05-15 03:19:13,New
AGOV-JP040,2023-05-15 03:19:13,New
AGOV-JP041,2023-05-15 03:19:13,New
AGOV-JP042,2023-05-15 03:19:13,New
AGOV-JP043,2023-05-15 03:19:13,New
AGOV-JP044,2023-05-15 03:19:13,New
AGOV-JP045,2023-05-15 03:19:13,New
AGOV-JP046,2023-05-15 03:19:13,New
AGOV-JP047,2023-05-15 03:19:13,New
AGOV-JP047,2023-05-15 03:19:13,New
AGOV-JP048,2023-05-15 03:19:13,New
AGOV-JP049,2023-05-15 03:19:13,New
AGOV-JP050,2023-05-15 03:19:13,New
AGOV-JP051,2023-05-15 03:19:13,New
AGOV-JP052,2023-05-15 03:19:13,New
AGOV-JP053,2023-05-15 03:19:13,New
AGOV-JP054,2023-05-15 03:19:13,New
AGOV-JP055,2023-05-15 03:19:13,New
AGOV-JP056,2023-05-15 03:19:13,New
AGOV-JP057,2023-05-15 03:19:13,New
AGOV-JP058,2023-05-15 03:19:13,New
AGOV-JP059,2023-05-15 03:19:13,New
AGOV-JP060,2023-05-15 03:19:13,New
AGOV-JP061,2023-05-15 03:19:13,New
AGOV-JP062,2023-05-15 03:19:13,New
AGOV-JP063,2023-05-15 03:19:13,New
AGOV-JP064,2023-05-15 03:19:13,New
AGOV-JP065,2023-05-15 03:19:13,New
AGOV-JP066,2023-05-15 03:19:13,New
AGOV-JP067,2023-05-15 03:19:13,New
AGOV-JP068,2023-05-15 03:19:13,New
AGOV-JP069,2023-05-15 03:19:13,New
AGOV-JP070,2023-05-15 03:19:13,New
AGOV-JP071,2023-05-15 03:19:13,New
AGOV-JP072,2023-05-15 03:19:13,New
AGOV-JP073,2023-05-15 03:19:13,New
AGOV-JP074,2023-05-15 03:19:13,New
AGOV-JP075,2023-05-15 03:19:13,New
AGOV-JP076,2023-05-15 03:19:13,New
AGOV-JP077,2023-05-15 03:19:13,New
AGOV-JP078,2023-05-15 03:19:13,New
AGOV-JP079,2023-05-15 03:19:13,New
AGOV-JP080,2023-05-15 03:19:13,New
CCC1-JP001,2023-05-14 22:56:18,New
CCC1-JP002,2023-05-14 22:56:18,New
CCC1-JP003,2023-05-14 22:56:18,New
CCC1-JP004,2023-05-14 23:00:27,New
CCC1-JP005,2023-05-14 23:00:27,New
CCC1-JP006,2023-05-14 23:00:27,New
CCC1-JPS01,2023-05-14 23:00:27,New
LOB-DE000,2023-05-14 12:33:48,New
LOB-DE001,2023-05-14 12:33:48,New
LOB-DE002,2023-05-14 12:33:48,New
LOB-DE003,2023-05-14 12:33:48,New
LOB-DE004,2023-05-14 12:33:48,New
LOB-DE005,2023-05-14 12:33:48,New
LOB-DE006,2023-05-14 12:33:48,New
LOB-DE007,2023-05-14 12:33:48,New
LOB-DE008,2023-05-14 12:33:48,New
LOB-DE009,2023-05-14 12:33:48,New
LOB-DE010,2023-05-14 12:33:48,New
LOB-DE011,2023-05-14 12:33:48,New
LOB-DE012,2023-05-14 12:33:48,New
LOB-DE013,2023-05-14 12:33:48,New
LOB-DE014,2023-05-14 12:33:48,New
LOB-DE015,2023-05-14 12:33:48,New
LOB-DE016,2023-05-14 12:33:48,New
LOB-DE017,2023-05-14 12:33:48,New
LOB-DE018,2023-05-14 12:33:48,New
LOB-DE019,2023-05-14 12:33:48,New
LOB-DE020,2023-05-14 12:33:48,New
LOB-DE021,2023-05-14 12:33:48,New
LOB-DE022,2023-05-14 12:33:48,New
LOB-DE023,2023-05-14 12:33:48,New
LOB-DE024,2023-05-14 12:33:48,New
LOB-DE025,2023-05-14 12:33:48,New
LOB-DE026,2023-05-14 12:33:48,New
LOB-DE027,2023-05-14 12:33:48,New
LOB-DE028,2023-05-14 12:33:48,New
LOB-DE029,2023-05-14 12:33:48,New
LOB-DE030,2023-05-14 12:33:48,New
LOB-DE031,2023-05-14 12:33:48,New
LOB-DE032,2023-05-14 12:33:48,New
LOB-DE033,2023-05-14 12:33:48,New
LOB-DE034,2023-05-14 12:33:48,New
LOB-DE035,2023-05-14 12:33:48,New
LOB-DE036,2023-05-14 12:33:48,New
LOB-DE037,2023-05-14 12:33:48,New
LOB-DE038,2023-05-14 12:33:48,New
LOB-DE039,2023-05-14 12:33:48,New
LOB-DE040,2023-05-14 12:33:48,New
LOB-DE041,2023-05-14 12:33:48,New
LOB-DE042,2023-05-14 12:33:48,New
LOB-DE043,2023-05-14 12:33:48,New
LOB-DE044,2023-05-14 12:33:48,New
LOB-DE045,2023-05-14 12:33:48,New
LOB-DE046,2023-05-14 12:33:48,New
LOB-DE047,2023-05-14 12:33:48,New
LOB-DE048,2023-05-14 12:33:48,New
LOB-DE049,2023-05-14 12:33:48,New
LOB-DE050,2023-05-14 12:33:48,New
LOB-DE051,2023-05-14 12:33:48,New
LOB-DE052,2023-05-14 12:33:48,New
LOB-DE053,2023-05-14 12:33:48,New
LOB-DE054,2023-05-14 12:33:48,New
LOB-DE055,2023-05-14 12:33:48,New
LOB-DE056,2023-05-14 12:33:48,New
LOB-DE057,2023-05-14 12:33:48,New
LOB-DE058,2023-05-14 12:33:48,New
LOB-DE059,2023-05-14 12:33:48,New
LOB-DE060,2023-05-14 12:33:48,New
LOB-DE061,2023-05-14 12:33:48,New
LOB-DE062,2023-05-14 12:33:48,New
LOB-DE063,2023-05-14 12:33:48,New
LOB-DE064,2023-05-14 12:33:48,New
LOB-DE065,2023-05-14 12:33:48,New
LOB-DE066,2023-05-14 12:33:48,New
LOB-DE067,2023-05-14 12:33:48,New
LOB-DE068,2023-05-14 12:33:48,New
LOB-DE069,2023-05-14 12:33:48,New
LOB-DE070,2023-05-14 12:33:48,New
LOB-DE071,2023-05-14 12:33:48,New
LOB-DE072,2023-05-14 12:33:48,New
LOB-DE073,2023-05-14 12:33:48,New
LOB-DE074,2023-05-14 12:33:48,New
LOB-DE075,2023-05-14 12:33:48,New
LOB-DE076,2023-05-14 12:33:48,New
LOB-DE077,2023-05-14 12:33:48,New
LOB-DE078,2023-05-14 12:33:48,New
LOB-DE079,2023-05-14 12:33:48,New
LOB-DE080,2023-05-14 12:33:48,New
LOB-DE081,2023-05-14 12:33:48,New
LOB-DE082,2023-05-14 12:33:48,New
LOB-DE083,2023-05-14 12:33:48,New
LOB-DE084,2023-05-14 12:33:48,New
LOB-DE085,2023-05-14 12:33:48,New
LOB-DE086,2023-05-14 12:33:48,New
LOB-DE087,2023-05-14 12:33:48,New
LOB-DE088,2023-05-14 12:33:48,New
LOB-DE089,2023-05-14 12:33:48,New
LOB-DE090,2023-05-14 12:33:48,New
LOB-DE091,2023-05-14 12:33:48,New
LOB-DE092,2023-05-14 12:33:48,New
LOB-DE093,2023-05-14 12:33:48,New
LOB-DE094,2023-05-14 12:33:48,New
LOB-DE095,2023-05-14 12:33:48,New
LOB-DE096,2023-05-14 12:33:48,New
LOB-DE097,2023-05-14 12:33:48,New
LOB-DE098,2023-05-14 12:33:48,New
LOB-DE099,2023-05-14 12:33:48,New
LOB-DE100,2023-05-14 12:33:48,New
LOB-DE101,2023-05-14 12:33:48,New
LOB-DE102,2023-05-14 12:33:48,New
LOB-DE103,2023-05-14 12:33:48,New
LOB-DE104,2023-05-14 12:33:48,New
LOB-DE105,2023-05-14 12:33:48,New
LOB-DE106,2023-05-14 12:33:48,New
LOB-DE107,2023-05-14 12:33:48,New
LOB-DE108,2023-05-14 12:33:48,New
LOB-DE109,2023-05-14 12:33:48,New
LOB-DE110,2023-05-14 12:33:48,New
LOB-DE111,2023-05-14 12:33:48,New
LOB-DE112,2023-05-14 12:33:48,New
LOB-DE113,2023-05-14 12:33:48,New
LOB-DE114,2023-05-14 12:33:48,New
LOB-DE115,2023-05-14 12:33:48,New
LOB-DE116,2023-05-14 12:33:48,New
LOB-DE117,2023-05-14 12:33:48,New
LOB-DE118,2023-05-14 12:33:48,New
LOB-DE119,2023-05-14 12:33:48,New
LOB-DE120,2023-05-14 12:33:48,New
LOB-DE121,2023-05-14 12:33:48,New
LOB-DE122,2023-05-14 12:33:48,New
LOB-DE123,2023-05-14 12:33:48,New
LOB-DE124,2023-05-14 12:33:48,New
LOB-DE125,2023-05-14 12:33:48,New
LOB-EN000,2023-05-14 12:32:52,New
LOB-EN001,2023-05-14 12:32:52,New
LOB-EN002,2023-05-14 12:32:52,New
LOB-EN003,2023-05-14 12:32:52,New
LOB-EN004,2023-05-14 12:32:52,New
LOB-EN005,2023-05-14 12:32:52,New
LOB-EN006,2023-05-14 12:32:52,New
LOB-EN007,2023-05-14 12:32:52,New
LOB-EN008,2023-05-14 12:32:52,New
LOB-EN009,2023-05-14 12:32:52,New
LOB-EN010,2023-05-14 12:32:52,New
LOB-EN011,2023-05-14 12:32:52,New
LOB-EN012,2023-05-14 12:32:52,New
LOB-EN013,2023-05-14 12:32:52,New
LOB-EN014,2023-05-14 12:32:52,New
LOB-EN015,2023-05-14 12:32:52,New
LOB-EN016,2023-05-14 12:32:52,New
LOB-EN017,2023-05-14 12:32:52,New
LOB-EN018,2023-05-14 12:32:52,New
LOB-EN019,2023-05-14 12:32:52,New
LOB-EN020,2023-05-14 12:32:52,New
LOB-EN021,2023-05-14 12:32:52,New
LOB-EN022,2023-05-14 12:32:52,New
LOB-EN023,2023-05-14 12:32:52,New
LOB-EN024,2023-05-14 12:32:52,New
LOB-EN025,2023-05-14 12:32:52,New
LOB-EN026,2023-05-14 12:32:52,New
LOB-EN027,2023-05-14 12:32:52,New
LOB-EN028,2023-05-14 12:32:52,New
LOB-EN029,2023-05-14 12:32:52,New
LOB-EN030,2023-05-14 12:32:52,New
LOB-EN031,2023-05-14 12:32:52,New
LOB-EN032,2023-05-14 12:32:52,New
LOB-EN033,2023-05-14 12:32:52,New
LOB-EN034,2023-05-14 12:32:52,New
LOB-EN035,2023-05-14 12:32:52,New
LOB-EN036,2023-05-14 12:32:52,New
LOB-EN037,2023-05-14 12:32:52,New
LOB-EN038,2023-05-14 12:32:52,New
LOB-EN039,2023-05-14 12:32:52,New
LOB-EN040,2023-05-14 12:32:52,New
LOB-EN041,2023-05-14 12:32:52,New
LOB-EN042,2023-05-14 12:32:52,New
LOB-EN043,2023-05-14 12:32:52,New
LOB-EN044,2023-05-14 12:32:52,New
LOB-EN045,2023-05-14 12:32:52,New
LOB-EN046,2023-05-14 12:32:52,New
LOB-EN047,2023-05-14 12:32:52,New
LOB-EN048,2023-05-14 12:32:52,New
LOB-EN049,2023-05-14 12:32:52,New
LOB-EN050,2023-05-14 12:32:52,New
LOB-EN051,2023-05-14 12:32:52,New
LOB-EN052,2023-05-14 12:32:52,New
LOB-EN053,2023-05-14 12:32:52,New
LOB-EN054,2023-05-14 12:32:52,New
LOB-EN055,2023-05-14 12:32:52,New
LOB-EN056,2023-05-14 12:32:52,New
LOB-EN057,2023-05-14 12:32:52,New
LOB-EN058,2023-05-14 12:32:52,New
LOB-EN059,2023-05-14 12:32:52,New
LOB-EN060,2023-05-14 12:32:52,New
LOB-EN061,2023-05-14 12:32:52,New
LOB-EN062,2023-05-14 12:32:52,New
LOB-EN063,2023-05-14 12:32:52,New
LOB-EN064,2023-05-14 12:32:52,New
LOB-EN065,2023-05-14 12:32:52,New
LOB-EN066,2023-05-14 12:32:52,New
LOB-EN067,2023-05-14 12:32:52,New
LOB-EN068,2023-05-14 12:32:52,New
LOB-EN069,2023-05-14 12:32:52,New
LOB-EN070,2023-05-14 12:32:52,New
LOB-EN071,2023-05-14 12:32:52,New
LOB-EN072,2023-05-14 12:32:52,New
LOB-EN073,2023-05-14 12:32:52,New
LOB-EN074,2023-05-14 12:32:52,New
LOB-EN075,2023-05-14 12:32:52,New
LOB-EN076,2023-05-14 12:32:52,New
LOB-EN077,2023-05-14 12:32:52,New
LOB-EN078,2023-05-14 12:32:52,New
LOB-EN079,2023-05-14 12:32:52,New
LOB-EN080,2023-05-14 12:32:52,New
LOB-EN081,2023-05-14 12:32:52,New
LOB-EN082,2023-05-14 12:32:52,New
LOB-EN083,2023-05-14 12:32:52,New
LOB-EN084,2023-05-14 12:32:52,New
LOB-EN085,2023-05-14 12:32:52,New
LOB-EN086,2023-05-14 12:32:52,New
LOB-EN087,2023-05-14 12:32:52,New
LOB-EN088,2023-05-14 12:32:52,New
LOB-EN089,2023-05-14 12:32:52,New
LOB-EN090,2023-05-14 12:32:52,New
LOB-EN091,2023-05-14 12:32:52,New
LOB-EN092,2023-05-14 12:32:52,New
LOB-EN093,2023-05-14 12:32:52,New
LOB-EN094,2023-05-14 12:32:52,New
LOB-EN095,2023-05-14 12:32:52,New
LOB-EN096,2023-05-14 12:32:52,New
LOB-EN097,2023-05-14 12:32:52,New
LOB-EN098,2023-05-14 12:32:52,New
LOB-EN099,2023-05-14 12:32:52,New
LOB-EN100,2023-05-14 12:32:52,New
LOB-EN101,2023-05-14 12:32:52,New
LOB-EN102,2023-05-14 12:32:52,New
LOB-EN103,2023-05-14 12:32:52,New
LOB-EN104,2023-05-14 12:32:52,New
LOB-EN105,2023-05-14 12:32:52,New
LOB-EN106,2023-05-14 12:32:52,New
LOB-EN107,2023-05-14 12:32:52,New
LOB-EN108,2023-05-14 12:32:52,New
LOB-EN109,2023-05-14 12:32:52,New
LOB-EN110,2023-05-14 12:32:52,New
LOB-EN111,2023-05-14 12:32:52,New
LOB-EN112,2023-05-14 12:32:52,New
LOB-EN113,2023-05-14 12:32:52,New
LOB-EN114,2023-05-14 12:32:52,New
LOB-EN115,2023-05-14 12:32:52,New
LOB-EN116,2023-05-14 12:32:52,New
LOB-EN117,2023-05-14 12:32:52,New
LOB-EN118,2023-05-14 12:32:52,New
LOB-EN119,2023-05-14 12:32:52,New
LOB-EN120,2023-05-14 12:32:52,New
LOB-EN121,2023-05-14 12:32:52,New
LOB-EN122,2023-05-14 12:32:52,New
LOB-EN123,2023-05-14 12:32:52,New
LOB-EN124,2023-05-14 12:32:52,New
LOB-EN125,2023-05-14 12:32:52,New
LOB-FR000,2023-05-14 12:33:26,New
LOB-FR001,2023-05-14 12:33:26,New
LOB-FR002,2023-05-14 12:33:26,New
LOB-FR003,2023-05-14 12:33:26,New
LOB-FR004,2023-05-14 12:33:26,New
LOB-FR005,2023-05-14 12:33:26,New
LOB-FR006,2023-05-14 12:33:26,New
LOB-FR007,2023-05-14 12:33:26,New
LOB-FR008,2023-05-14 12:33:26,New
LOB-FR009,2023-05-14 12:33:26,New
LOB-FR010,2023-05-14 12:33:26,New
LOB-FR011,2023-05-14 12:33:26,New
LOB-FR012,2023-05-14 12:33:26,New
LOB-FR013,2023-05-14 12:33:26,New
LOB-FR014,2023-05-14 12:33:26,New
LOB-FR015,2023-05-14 12:33:26,New
LOB-FR016,2023-05-14 12:33:26,New
LOB-FR017,2023-05-14 12:33:26,New
LOB-FR018,2023-05-14 12:33:26,New
LOB-FR019,2023-05-14 12:33:26,New
LOB-FR020,2023-05-14 12:33:26,New
LOB-FR021,2023-05-14 12:33:26,New
LOB-FR022,2023-05-14 12:33:26,New
LOB-FR023,2023-05-14 12:33:26,New
LOB-FR024,2023-05-14 12:33:26,New
LOB-FR025,2023-05-14 12:33:26,New
LOB-FR026,2023-05-14 12:33:26,New
LOB-FR027,2023-05-14 12:33:26,New
LOB-FR028,2023-05-14 12:33:26,New
LOB-FR029,2023-05-14 12:33:26,New
LOB-FR030,2023-05-14 12:33:26,New
LOB-FR031,2023-05-14 12:33:26,New
LOB-FR032,2023-05-14 12:33:26,New
LOB-FR033,2023-05-14 12:33:26,New
LOB-FR034,2023-05-14 12:33:26,New
LOB-FR035,2023-05-14 12:33:26,New
LOB-FR036,2023-05-14 12:33:26,New
LOB-FR037,2023-05-14 12:33:26,New
LOB-FR038,2023-05-14 12:33:26,New
LOB-FR039,2023-05-14 12:33:26,New
LOB-FR040,2023-05-14 12:33:26,New
LOB-FR041,2023-05-14 12:33:26,New
LOB-FR042,2023-05-14 12:33:26,New
LOB-FR043,2023-05-14 12:33:26,New
LOB-FR044,2023-05-14 12:33:26,New
LOB-FR045,2023-05-14 12:33:26,New
LOB-FR046,2023-05-14 12:33:26,New
LOB-FR047,2023-05-14 12:33:26,New
LOB-FR048,2023-05-14 12:33:26,New
LOB-FR049,2023-05-14 12:33:26,New
LOB-FR050,2023-05-14 12:33:26,New
LOB-FR051,2023-05-14 12:33:26,New
LOB-FR052,2023-05-14 12:33:26,New
LOB-FR053,2023-05-14 12:33:26,New
LOB-FR054,2023-05-14 12:33:26,New
LOB-FR055,2023-05-14 12:33:26,New
LOB-FR056,2023-05-14 12:33:26,New
LOB-FR057,2023-05-14 12:33:26,New
LOB-FR058,2023-05-14 12:33:26,New
LOB-FR059,2023-05-14 12:33:26,New
LOB-FR060,2023-05-14 12:33:26,New
LOB-FR061,2023-05-14 12:33:26,New
LOB-FR062,2023-05-14 12:33:26,New
LOB-FR063,2023-05-14 12:33:26,New
LOB-FR064,2023-05-14 12:33:26,New
LOB-FR065,2023-05-14 12:33:26,New
LOB-FR066,2023-05-14 12:33:26,New
LOB-FR067,2023-05-14 12:33:26,New
LOB-FR068,2023-05-14 12:33:26,New
LOB-FR069,2023-05-14 12:33:26,New
LOB-FR070,2023-05-14 12:33:26,New
LOB-FR071,2023-05-14 12:33:26,New
LOB-FR072,2023-05-14 12:33:26,New
LOB-FR073,2023-05-14 12:33:26,New
LOB-FR074,2023-05-14 12:33:26,New
LOB-FR075,2023-05-14 12:33:26,New
LOB-FR076,2023-05-14 12:33:26,New
LOB-FR077,2023-05-14 12:33:26,New
LOB-FR078,2023-05-14 12:33:26,New
LOB-FR079,2023-05-14 12:33:26,New
LOB-FR080,2023-05-14 12:33:26,New
LOB-FR081,2023-05-14 12:33:26,New
LOB-FR082,2023-05-14 12:33:26,New
LOB-FR083,2023-05-14 12:33:26,New
LOB-FR084,2023-05-14 12:33:26,New
LOB-FR085,2023-05-14 12:33:26,New
LOB-FR086,2023-05-14 12:33:26,New
LOB-FR087,2023-05-14 12:33:26,New
LOB-FR088,2023-05-14 12:33:26,New
LOB-FR089,2023-05-14 12:33:26,New
LOB-FR090,2023-05-14 12:33:26,New
LOB-FR091,2023-05-14 12:33:26,New
LOB-FR092,2023-05-14 12:33:26,New
LOB-FR093,2023-05-14 12:33:26,New
LOB-FR094,2023-05-14 12:33:26,New
LOB-FR095,2023-05-14 12:33:26,New
LOB-FR096,2023-05-14 12:33:26,New
LOB-FR097,2023-05-14 12:33:26,New
LOB-FR098,2023-05-14 12:33:26,New
LOB-FR099,2023-05-14 12:33:26,New
LOB-FR100,2023-05-14 12:33:26,New
LOB-FR101,2023-05-14 12:33:26,New
LOB-FR102,2023-05-14 12:33:26,New
LOB-FR103,2023-05-14 12:33:26,New
LOB-FR104,2023-05-14 12:33:26,New
LOB-FR105,2023-05-14 12:33:26,New
LOB-FR106,2023-05-14 12:33:26,New
LOB-FR107,2023-05-14 12:33:26,New
LOB-FR108,2023-05-14 12:33:26,New
LOB-FR109,2023-05-14 12:33:26,New
LOB-FR110,2023-05-14 12:33:26,New
LOB-FR111,2023-05-14 12:33:26,New
LOB-FR112,2023-05-14 12:33:26,New
LOB-FR113,2023-05-14 12:33:26,New
LOB-FR114,2023-05-14 12:33:26,New
LOB-FR115,2023-05-14 12:33:26,New
LOB-FR116,2023-05-14 12:33:26,New
LOB-FR117,2023-05-14 12:33:26,New
LOB-FR118,2023-05-14 12:33:26,New
LOB-FR119,2023-05-14 12:33:26,New
LOB-FR120,2023-05-14 12:33:26,New
LOB-FR121,2023-05-14 12:33:26,New
LOB-FR122,2023-05-14 12:33:26,New
LOB-FR123,2023-05-14 12:33:26,New
LOB-FR124,2023-05-14 12:33:26,New
LOB-FR125,2023-05-14 12:33:26,New
LOB-IT000,2023-05-14 12:33:57,New
LOB-IT001,2023-05-14 12:33:57,New
LOB-IT002,2023-05-14 12:33:57,New
LOB-IT003,2023-05-14 12:33:57,New
LOB-IT004,2023-05-14 12:33:57,New
LOB-IT005,2023-05-14 12:33:57,New
LOB-IT006,2023-05-14 12:33:57,New
LOB-IT007,2023-05-14 12:33:57,New
LOB-IT008,2023-05-14 12:33:57,New
LOB-IT009,2023-05-14 12:33:57,New
LOB-IT010,2023-05-14 12:33:57,New
LOB-IT011,2023-05-14 12:33:57,New
LOB-IT012,2023-05-14 12:33:57,New
LOB-IT013,2023-05-14 12:33:57,New
LOB-IT014,2023-05-14 12:33:57,New
LOB-IT015,2023-05-14 12:33:57,New
LOB-IT016,2023-05-14 12:33:57,New
LOB-IT017,2023-05-14 12:33:57,New
LOB-IT018,2023-05-14 12:33:57,New
LOB-IT019,2023-05-14 12:33:57,New
LOB-IT020,2023-05-14 12:33:57,New
LOB-IT021,2023-05-14 12:33:57,New
LOB-IT022,2023-05-14 12:33:57,New
LOB-IT023,2023-05-14 12:33:57,New
LOB-IT024,2023-05-14 12:33:57,New
LOB-IT025,2023-05-14 12:33:57,New
LOB-IT026,2023-05-14 12:33:57,New
LOB-IT027,2023-05-14 12:33:57,New
LOB-IT028,2023-05-14 12:33:57,New
LOB-IT029,2023-05-14 12:33:57,New
LOB-IT030,2023-05-14 12:33:57,New
LOB-IT031,2023-05-14 12:33:57,New
LOB-IT032,2023-05-14 12:33:57,New
LOB-IT033,2023-05-14 12:33:57,New
LOB-IT034,2023-05-14 12:33:57,New
LOB-IT035,2023-05-14 12:33:57,New
LOB-IT036,2023-05-14 12:33:57,New
LOB-IT037,2023-05-14 12:33:57,New
LOB-IT038,2023-05-14 12:33:57,New
LOB-IT039,2023-05-14 12:33:57,New
LOB-IT040,2023-05-14 12:33:57,New
LOB-IT041,2023-05-14 12:33:57,New
LOB-IT042,2023-05-14 12:33:57,New
LOB-IT043,2023-05-14 12:33:57,New
LOB-IT044,2023-05-14 12:33:57,New
LOB-IT045,2023-05-14 12:33:57,New
LOB-IT046,2023-05-14 12:33:57,New
LOB-IT047,2023-05-14 12:33:57,New
LOB-IT048,2023-05-14 12:33:57,New
LOB-IT049,2023-05-14 12:33:57,New
LOB-IT050,2023-05-14 12:33:57,New
LOB-IT051,2023-05-14 12:33:57,New
LOB-IT052,2023-05-14 12:33:57,New
LOB-IT053,2023-05-14 12:33:57,New
LOB-IT054,2023-05-14 12:33:57,New
LOB-IT055,2023-05-14 12:33:57,New
LOB-IT056,2023-05-14 12:33:57,New
LOB-IT057,2023-05-14 12:33:57,New
LOB-IT058,2023-05-14 12:33:57,New
LOB-IT059,2023-05-14 12:33:57,New
LOB-IT060,2023-05-14 12:33:57,New
LOB-IT061,2023-05-14 12:33:57,New
LOB-IT062,2023-05-14 12:33:57,New
LOB-IT063,2023-05-14 12:33:57,New
LOB-IT064,2023-05-14 12:33:57,New
LOB-IT065,2023-05-14 12:33:57,New
LOB-IT066,2023-05-14 12:33:57,New
LOB-IT067,2023-05-14 12:33:57,New
LOB-IT068,2023-05-14 12:33:57,New
LOB-IT069,2023-05-14 12:33:57,New
LOB-IT070,2023-05-14 12:33:57,New
LOB-IT071,2023-05-14 12:33:57,New
LOB-IT072,2023-05-14 12:33:57,New
LOB-IT073,2023-05-14 12:33:57,New
LOB-IT074,2023-05-14 12:33:57,New
LOB-IT075,2023-05-14 12:33:57,New
LOB-IT076,2023-05-14 12:33:57,New
LOB-IT077,2023-05-14 12:33:57,New
LOB-IT078,2023-05-14 12:33:57,New
LOB-IT079,2023-05-14 12:33:57,New
LOB-IT080,2023-05-14 12:33:57,New
LOB-IT081,2023-05-14 12:33:57,New
LOB-IT082,2023-05-14 12:33:57,New
LOB-IT083,2023-05-14 12:33:57,New
LOB-IT084,2023-05-14 12:33:57,New
LOB-IT085,2023-05-14 12:33:57,New
LOB-IT086,2023-05-14 12:33:57,New
LOB-IT087,2023-05-14 12:33:57,New
LOB-IT088,2023-05-14 12:33:57,New
LOB-IT089,2023-05-14 12:33:57,New
LOB-IT090,2023-05-14 12:33:57,New
LOB-IT091,2023-05-14 12:33:57,New
LOB-IT092,2023-05-14 12:33:57,New
LOB-IT093,2023-05-14 12:33:57,New
LOB-IT094,2023-05-14 12:33:57,New
LOB-IT095,2023-05-14 12:33:57,New
LOB-IT096,2023-05-14 12:33:57,New
LOB-IT097,2023-05-14 12:33:57,New
LOB-IT098,2023-05-14 12:33:57,New
LOB-IT099,2023-05-14 12:33:57,New
LOB-IT100,2023-05-14 12:33:57,New
LOB-IT101,2023-05-14 12:33:57,New
LOB-IT102,2023-05-14 12:33:57,New
LOB-IT103,2023-05-14 12:33:57,New
LOB-IT104,2023-05-14 12:33:57,New
LOB-IT105,2023-05-14 12:33:57,New
LOB-IT106,2023-05-14 12:33:57,New
LOB-IT107,2023-05-14 12:33:57,New
LOB-IT108,2023-05-14 12:33:57,New
LOB-IT109,2023-05-14 12:33:57,New
LOB-IT110,2023-05-14 12:33:57,New
LOB-IT111,2023-05-14 12:33:57,New
LOB-IT112,2023-05-14 12:33:57,New
LOB-IT113,2023-05-14 12:33:57,New
LOB-IT114,2023-05-14 12:33:57,New
LOB-IT115,2023-05-14 12:33:57,New
LOB-IT116,2023-05-14 12:33:57,New
LOB-IT117,2023-05-14 12:33:57,New
LOB-IT118,2023-05-14 12:33:57,New
LOB-IT119,2023-05-14 12:33:57,New
LOB-IT120,2023-05-14 12:33:57,New
LOB-IT121,2023-05-14 12:33:57,New
LOB-IT122,2023-05-14 12:33:57,New
LOB-IT123,2023-05-14 12:33:57,New
LOB-IT124,2023-05-14 12:33:57,New
LOB-IT125,2023-05-14 12:33:57,New
LOB-PT000,2023-05-14 12:34:08,New
LOB-PT001,2023-05-14 12:34:08,New
LOB-PT002,2023-05-14 12:34:08,New
LOB-PT003,2023-05-14 12:34:08,New
LOB-PT004,2023-05-14 12:34:08,New
LOB-PT005,2023-05-14 12:34:08,New
LOB-PT006,2023-05-14 12:34:08,New
LOB-PT007,2023-05-14 12:34:08,New
LOB-PT008,2023-05-14 12:34:08,New
LOB-PT009,2023-05-14 12:34:08,New
LOB-PT010,2023-05-14 12:34:08,New
LOB-PT011,2023-05-14 12:34:08,New
LOB-PT012,2023-05-14 12:34:08,New
LOB-PT013,2023-05-14 12:34:08,New
LOB-PT014,2023-05-14 12:34:08,New
LOB-PT015,2023-05-14 12:34:08,New
LOB-PT016,2023-05-14 12:34:08,New
LOB-PT017,2023-05-14 12:34:08,New
LOB-PT018,2023-05-14 12:34:08,New
LOB-PT019,2023-05-14 12:34:08,New
LOB-PT020,2023-05-14 12:34:08,New
LOB-PT021,2023-05-14 12:34:08,New
LOB-PT022,2023-05-14 12:34:08,New
LOB-PT023,2023-05-14 12:34:08,New
LOB-PT024,2023-05-14 12:34:08,New
LOB-PT025,2023-05-14 12:34:08,New
LOB-PT026,2023-05-14 12:34:08,New
LOB-PT027,2023-05-14 12:34:08,New
LOB-PT028,2023-05-14 12:34:08,New
LOB-PT029,2023-05-14 12:34:08,New
LOB-PT030,2023-05-14 12:34:08,New
LOB-PT031,2023-05-14 12:34:08,New
LOB-PT032,2023-05-14 12:34:08,New
LOB-PT033,2023-05-14 12:34:08,New
LOB-PT034,2023-05-14 12:34:08,New
LOB-PT035,2023-05-14 12:34:08,New
LOB-PT036,2023-05-14 12:34:08,New
LOB-PT037,2023-05-14 12:34:08,New
LOB-PT038,2023-05-14 12:34:08,New
LOB-PT039,2023-05-14 12:34:08,New
LOB-PT040,2023-05-14 12:34:08,New
LOB-PT041,2023-05-14 12:34:08,New
LOB-PT042,2023-05-14 12:34:08,New
LOB-PT043,2023-05-14 12:34:08,New
LOB-PT044,2023-05-14 12:34:08,New
LOB-PT045,2023-05-14 12:34:08,New
LOB-PT046,2023-05-14 12:34:08,New
LOB-PT047,2023-05-14 12:34:08,New
LOB-PT048,2023-05-14 12:34:08,New
LOB-PT049,2023-05-14 12:34:08,New
LOB-PT050,2023-05-14 12:34:08,New
LOB-PT051,2023-05-14 12:34:08,New
LOB-PT052,2023-05-14 12:34:08,New
LOB-PT053,2023-05-14 12:34:08,New
LOB-PT054,2023-05-14 12:34:08,New
LOB-PT055,2023-05-14 12:34:08,New
LOB-PT056,2023-05-14 12:34:08,New
LOB-PT057,2023-05-14 12:34:08,New
LOB-PT058,2023-05-14 12:34:08,New
LOB-PT059,2023-05-14 12:34:08,New
LOB-PT060,2023-05-14 12:34:08,New
LOB-PT061,2023-05-14 12:34:08,New
LOB-PT062,2023-05-14 12:34:08,New
LOB-PT063,2023-05-14 12:34:08,New
LOB-PT064,2023-05-14 12:34:08,New
LOB-PT065,2023-05-14 12:34:08,New
LOB-PT066,2023-05-14 12:34:08,New
LOB-PT067,2023-05-14 12:34:08,New
LOB-PT068,2023-05-14 12:34:08,New
LOB-PT069,2023-05-14 12:34:08,New
LOB-PT070,2023-05-14 12:34:08,New
LOB-PT071,2023-05-14 12:34:08,New
LOB-PT072,2023-05-14 12:34:08,New
LOB-PT073,2023-05-14 12:34:08,New
LOB-PT074,2023-05-14 12:34:08,New
LOB-PT075,2023-05-14 12:34:08,New
LOB-PT076,2023-05-14 12:34:08,New
LOB-PT077,2023-05-14 12:34:08,New
LOB-PT078,2023-05-14 12:34:08,New
LOB-PT079,2023-05-14 12:34:08,New
LOB-PT080,2023-05-14 12:34:08,New
LOB-PT081,2023-05-14 12:34:08,New
LOB-PT082,2023-05-14 12:34:08,New
LOB-PT083,2023-05-14 12:34:08,New
LOB-PT084,2023-05-14 12:34:08,New
LOB-PT085,2023-05-14 12:34:08,New
LOB-PT086,2023-05-14 12:34:08,New
LOB-PT087,2023-05-14 12:34:08,New
LOB-PT088,2023-05-14 12:34:08,New
LOB-PT089,2023-05-14 12:34:08,New
LOB-PT090,2023-05-14 12:34:08,New
LOB-PT091,2023-05-14 12:34:08,New
LOB-PT092,2023-05-14 12:34:08,New
LOB-PT093,2023-05-14 12:34:08,New
LOB-PT094,2023-05-14 12:34:08,New
LOB-PT095,2023-05-14 12:34:08,New
LOB-PT096,2023-05-14 12:34:08,New
LOB-PT097,2023-05-14 12:34:08,New
LOB-PT098,2023-05-14 12:34:08,New
LOB-PT099,2023-05-14 12:34:08,New
LOB-PT100,2023-05-14 12:34:08,New
LOB-PT101,2023-05-14 12:34:08,New
LOB-PT102,2023-05-14 12:34:08,New
LOB-PT103,2023-05-14 12:34:08,New
LOB-PT104,2023-05-14 12:34:08,New
LOB-PT105,2023-05-14 12:34:08,New
LOB-PT106,2023-05-14 12:34:08,New
LOB-PT107,2023-05-14 12:34:08,New
LOB-PT108,2023-05-14 12:34:08,New
LOB-PT109,2023-05-14 12:34:08,New
LOB-PT110,2023-05-14 12:34:08,New
LOB-PT111,2023-05-14 12:34:08,New
LOB-PT112,2023-05-14 12:34:08,New
LOB-PT113,2023-05-14 12:34:08,New
LOB-PT114,2023-05-14 12:34:08,New
LOB-PT115,2023-05-14 12:34:08,New
LOB-PT116,2023-05-14 12:34:08,New
LOB-PT117,2023-05-14 12:34:08,New
LOB-PT118,2023-05-14 12:34:08,New
LOB-PT119,2023-05-14 12:34:08,New
LOB-PT120,2023-05-14 12:34:08,New
LOB-PT121,2023-05-14 12:34:08,New
LOB-PT122,2023-05-14 12:34:08,New
LOB-PT123,2023-05-14 12:34:08,New
LOB-PT124,2023-05-14 12:34:08,New
LOB-PT125,2023-05-14 12:34:08,New
LOB-SP000,2023-05-14 12:34:19,New
LOB-SP001,2023-05-14 12:34:19,New
LOB-SP002,2023-05-14 12:34:19,New
LOB-SP003,2023-05-14 12:34:19,New
LOB-SP004,2023-05-14 12:34:19,New
LOB-SP005,2023-05-14 12:34:19,New
LOB-SP006,2023-05-14 12:34:19,New
LOB-SP007,2023-05-14 12:34:19,New
LOB-SP008,2023-05-14 12:34:19,New
LOB-SP009,2023-05-14 12:34:19,New
LOB-SP010,2023-05-14 12:34:19,New
LOB-SP011,2023-05-14 12:34:19,New
LOB-SP012,2023-05-14 12:34:19,New
LOB-SP013,2023-05-14 12:34:19,New
LOB-SP014,2023-05-14 12:34:19,New
LOB-SP015,2023-05-14 12:34:19,New
LOB-SP016,2023-05-14 12:34:19,New
LOB-SP017,2023-05-14 12:34:19,New
LOB-SP018,2023-05-14 12:34:19,New
LOB-SP019,2023-05-14 12:34:19,New
LOB-SP020,2023-05-14 12:34:19,New
LOB-SP021,2023-05-14 12:34:19,New
LOB-SP022,2023-05-14 12:34:19,New
LOB-SP023,2023-05-14 12:34:19,New
LOB-SP024,2023-05-14 12:34:19,New
LOB-SP025,2023-05-14 12:34:19,New
LOB-SP026,2023-05-14 12:34:19,New
LOB-SP027,2023-05-14 12:34:19,New
LOB-SP028,2023-05-14 12:34:19,New
LOB-SP029,2023-05-14 12:34:19,New
LOB-SP030,2023-05-14 12:34:19,New
LOB-SP031,2023-05-14 12:34:19,New
LOB-SP032,2023-05-14 12:34:19,New
LOB-SP033,2023-05-14 12:34:19,New
LOB-SP034,2023-05-14 12:34:19,New
LOB-SP035,2023-05-14 12:34:19,New
LOB-SP036,2023-05-14 12:34:19,New
LOB-SP037,2023-05-14 12:34:19,New
LOB-SP038,2023-05-14 12:34:19,New
LOB-SP039,2023-05-14 12:34:19,New
LOB-SP040,2023-05-14 12:34:19,New
LOB-SP041,2023-05-14 12:34:19,New
LOB-SP042,2023-05-14 12:34:19,New
LOB-SP043,2023-05-14 12:34:19,New
LOB-SP044,2023-05-14 12:34:19,New
LOB-SP045,2023-05-14 12:34:19,New
LOB-SP046,2023-05-14 12:34:19,New
LOB-SP047,2023-05-14 12:34:19,New
LOB-SP048,2023-05-14 12:34:19,New
LOB-SP049,2023-05-14 12:34:19,New
LOB-SP050,2023-05-14 12:34:19,New
LOB-SP051,2023-05-14 12:34:19,New
LOB-SP052,2023-05-14 12:34:19,New
LOB-SP053,2023-05-14 12:34:19,New
LOB-SP054,2023-05-14 12:34:19,New
LOB-SP055,2023-05-14 12:34:19,New
LOB-SP056,2023-05-14 12:34:19,New
LOB-SP057,2023-05-14 12:34:19,New
LOB-SP058,2023-05-14 12:34:19,New
LOB-SP059,2023-05-14 12:34:19,New
LOB-SP060,2023-05-14 12:34:19,New
LOB-SP061,2023-05-14 12:34:19,New
LOB-SP062,2023-05-14 12:34:19,New
LOB-SP063,2023-05-14 12:34:19,New
LOB-SP064,2023-05-14 12:34:19,New
LOB-SP065,2023-05-14 12:34:19,New
LOB-SP066,2023-05-14 12:34:19,New
LOB-SP067,2023-05-14 12:34:19,New
LOB-SP068,2023-05-14 12:34:19,New
LOB-SP069,2023-05-14 12:34:19,New
LOB-SP070,2023-05-14 12:34:19,New
LOB-SP071,2023-05-14 12:34:19,New
LOB-SP072,2023-05-14 12:34:19,New
LOB-SP073,2023-05-14 12:34:19,New
LOB-SP074,2023-05-14 12:34:19,New
LOB-SP075,2023-05-14 12:34:19,New
LOB-SP076,2023-05-14 12:34:19,New
LOB-SP077,2023-05-14 12:34:19,New
LOB-SP078,2023-05-14 12:34:19,New
LOB-SP079,2023-05-14 12:34:19,New
LOB-SP080,2023-05-14 12:34:19,New
LOB-SP081,2023-05-14 12:34:19,New
LOB-SP082,2023-05-14 12:34:19,New
LOB-SP083,2023-05-14 12:34:19,New
LOB-SP084,2023-05-14 12:34:19,New
LOB-SP085,2023-05-14 12:34:19,New
LOB-SP086,2023-05-14 12:34:19,New
LOB-SP087,2023-05-14 12:34:19,New
LOB-SP088,2023-05-14 12:34:19,New
LOB-SP089,2023-05-14 12:34:19,New
LOB-SP090,2023-05-14 12:34:19,New
LOB-SP091,2023-05-14 12:34:19,New
LOB-SP092,2023-05-14 12:34:19,New
LOB-SP093,2023-05-14 12:34:19,New
LOB-SP094,2023-05-14 12:34:19,New
LOB-SP095,2023-05-14 12:34:19,New
LOB-SP096,2023-05-14 12:34:19,New
LOB-SP097,2023-05-14 12:34:19,New
LOB-SP098,2023-05-14 12:34:19,New
LOB-SP099,2023-05-14 12:34:19,New
LOB-SP100,2023-05-14 12:34:19,New
LOB-SP101,2023-05-14 12:34:19,New
LOB-SP102,2023-05-14 12:34:19,New
LOB-SP103,2023-05-14 12:34:19,New
LOB-SP104,2023-05-14 12:34:19,New
LOB-SP105,2023-05-14 12:34:19,New
LOB-SP106,2023-05-14 12:34:19,New
LOB-SP107,2023-05-14 12:34:19,New
LOB-SP108,2023-05-14 12:34:19,New
LOB-SP109,2023-05-14 12:34:19,New
LOB-SP110,2023-05-14 12:34:19,New
LOB-SP111,2023-05-14 12:34:19,New
LOB-SP112,2023-05-14 12:34:19,New
LOB-SP113,2023-05-14 12:34:19,New
LOB-SP114,2023-05-14 12:34:19,New
LOB-SP115,2023-05-14 12:34:19,New
LOB-SP116,2023-05-14 12:34:19,New
LOB-SP117,2023-05-14 12:34:19,New
LOB-SP118,2023-05-14 12:34:19,New
LOB-SP119,2023-05-14 12:34:19,New
LOB-SP120,2023-05-14 12:34:19,New
LOB-SP121,2023-05-14 12:34:19,New
LOB-SP122,2023-05-14 12:34:19,New
LOB-SP123,2023-05-14 12:34:19,New
LOB-SP124,2023-05-14 12:34:19,New
LOB-SP125,2023-05-14 12:34:19,New
MRD-DE000,2023-05-14 20:06:27,New
MRD-DE001,2023-05-14 20:06:27,New
MRD-DE002,2023-05-14 20:06:27,New
MRD-DE003,2023-05-14 20:06:27,New
MRD-DE004,2023-05-14 20:06:27,New
MRD-DE005,2023-05-14 20:06:27,New
MRD-DE006,2023-05-14 20:06:27,New
MRD-DE007,2023-05-14 20:06:27,New
MRD-DE008,2023-05-14 20:06:27,New
MRD-DE009,2023-05-14 20:06:27,New
MRD-DE010,2023-05-14 20:06:27,New
MRD-DE011,2023-05-14 20:06:27,New
MRD-DE012,2023-05-14 20:06:27,New
MRD-DE013,2023-05-14 20:06:27,New
MRD-DE014,2023-05-14 20:06:27,New
MRD-DE015,2023-05-14 20:06:27,New
MRD-DE016,2023-05-14 20:06:27,New
MRD-DE017,2023-05-14 20:06:27,New
MRD-DE018,2023-05-14 20:06:27,New
MRD-DE019,2023-05-14 20:06:27,New
MRD-DE020,2023-05-14 20:06:27,New
MRD-DE021,2023-05-14 20:06:27,New
MRD-DE022,2023-05-14 20:06:27,New
MRD-DE023,2023-05-14 20:06:27,New
MRD-DE024,2023-05-14 20:06:27,New
MRD-DE025,2023-05-14 20:06:27,New
MRD-DE026,2023-05-14 20:06:27,New
MRD-DE027,2023-05-14 20:06:27,New
MRD-DE028,2023-05-14 20:06:27,New
MRD-DE029,2023-05-14 20:06:27,New
MRD-DE030,2023-05-14 20:06:27,New
MRD-DE031,2023-05-14 20:06:27,New
MRD-DE032,2023-05-14 20:06:27,New
MRD-DE033,2023-05-14 20:06:27,New
MRD-DE034,2023-05-14 20:06:27,New
MRD-DE035,2023-05-14 20:06:27,New
MRD-DE036,2023-05-14 20:06:27,New
MRD-DE037,2023-05-14 20:06:27,New
MRD-DE038,2023-05-14 20:06:27,New
MRD-DE039,2023-05-14 20:06:27,New
MRD-DE040,2023-05-14 20:06:27,New
MRD-DE041,2023-05-14 20:06:27,New
MRD-DE042,2023-05-14 20:06:27,New
MRD-DE043,2023-05-14 20:06:27,New
MRD-DE044,2023-05-14 20:06:27,New
MRD-DE045,2023-05-14 20:06:27,New
MRD-DE046,2023-05-14 20:06:27,New
MRD-DE047,2023-05-14 20:06:27,New
MRD-DE048,2023-05-14 20:06:27,New
MRD-DE049,2023-05-14 20:06:27,New
MRD-DE050,2023-05-14 20:06:27,New
MRD-DE051,2023-05-14 20:06:27,New
MRD-DE052,2023-05-14 20:06:27,New
MRD-DE053,2023-05-14 20:06:27,New
MRD-DE054,2023-05-14 20:06:27,New
MRD-DE055,2023-05-14 20:06:27,New
MRD-DE056,2023-05-14 20:06:27,New
MRD-DE057,2023-05-14 20:06:27,New
MRD-DE058,2023-05-14 20:06:27,New
MRD-DE059,2023-05-14 20:06:27,New
MRD-DE060,2023-05-14 20:06:27,New
MRD-DE061,2023-05-14 20:06:27,New
MRD-DE062,2023-05-14 20:06:27,New
MRD-DE063,2023-05-14 20:06:27,New
MRD-DE064,2023-05-14 20:06:27,New
MRD-DE065,2023-05-14 20:06:27,New
MRD-DE066,2023-05-14 20:06:27,New
MRD-DE067,2023-05-14 20:06:27,New
MRD-DE068,2023-05-14 20:06:27,New
MRD-DE069,2023-05-14 20:06:27,New
MRD-DE070,2023-05-14 20:06:27,New
MRD-DE071,2023-05-14 20:06:27,New
MRD-DE072,2023-05-14 20:06:27,New
MRD-DE073,2023-05-14 20:06:27,New
MRD-DE074,2023-05-14 20:06:27,New
MRD-DE075,2023-05-14 20:06:27,New
MRD-DE076,2023-05-14 20:06:27,New
MRD-DE077,2023-05-14 20:06:27,New
MRD-DE078,2023-05-14 20:06:27,New
MRD-DE079,2023-05-14 20:06:27,New
MRD-DE080,2023-05-14 20:06:27,New
MRD-DE081,2023-05-14 20:06:27,New
MRD-DE082,2023-05-14 20:06:27,New
MRD-DE083,2023-05-14 20:06:27,New
MRD-DE084,2023-05-14 20:06:27,New
MRD-DE085,2023-05-14 20:06:27,New
MRD-DE086,2023-05-14 20:06:27,New
MRD-DE087,2023-05-14 20:06:27,New
MRD-DE088,2023-05-14 20:06:27,New
MRD-DE089,2023-05-14 20:06:27,New
MRD-DE090,2023-05-14 20:06:27,New
MRD-DE091,2023-05-14 20:06:27,New
MRD-DE092,2023-05-14 20:06:27,New
MRD-DE093,2023-05-14 20:06:27,New
MRD-DE094,2023-05-14 20:06:27,New
MRD-DE095,2023-05-14 20:06:27,New
MRD-DE096,2023-05-14 20:06:27,New
MRD-DE097,2023-05-14 20:06:27,New
MRD-DE098,2023-05-14 20:06:27,New
MRD-DE099,2023-05-14 20:06:27,New
MRD-DE100,2023-05-14 20:06:27,New
MRD-DE101,2023-05-14 20:06:27,New
MRD-DE102,2023-05-14 20:06:27,New
MRD-DE103,2023-05-14 20:06:27,New
MRD-DE104,2023-05-14 20:06:27,New
MRD-DE105,2023-05-14 20:06:27,New
MRD-DE106,2023-05-14 20:06:27,New
MRD-DE107,2023-05-14 20:06:27,New
MRD-DE108,2023-05-14 20:06:27,New
MRD-DE109,2023-05-14 20:06:27,New
MRD-DE110,2023-05-14 20:06:27,New
MRD-DE111,2023-05-14 20:06:27,New
MRD-DE112,2023-05-14 20:06:27,New
MRD-DE113,2023-05-14 20:06:27,New
MRD-DE114,2023-05-14 20:06:27,New
MRD-DE115,2023-05-14 20:06:27,New
MRD-DE116,2023-05-14 20:06:27,New
MRD-DE117,2023-05-14 20:06:27,New
MRD-DE118,2023-05-14 20:06:27,New
MRD-DE119,2023-05-14 20:06:27,New
MRD-DE120,2023-05-14 20:06:27,New
MRD-DE121,2023-05-14 20:06:27,New
MRD-DE122,2023-05-14 20:06:27,New
MRD-DE123,2023-05-14 20:06:27,New
MRD-DE124,2023-05-14 20:06:27,New
MRD-DE125,2023-05-14 20:06:27,New
MRD-DE126,2023-05-14 20:06:27,New
MRD-DE127,2023-05-14 20:06:27,New
MRD-DE128,2023-05-14 20:06:27,New
MRD-DE129,2023-05-14 20:06:27,New
MRD-DE130,2023-05-14 20:06:27,New
MRD-DE131,2023-05-14 20:06:27,New
MRD-DE132,2023-05-14 20:06:27,New
MRD-DE133,2023-05-14 20:06:27,New
MRD-DE134,2023-05-14 20:06:27,New
MRD-DE135,2023-05-14 20:06:27,New
MRD-DE136,2023-05-14 20:06:27,New
MRD-DE137,2023-05-14 20:06:27,New
MRD-DE138,2023-05-14 20:06:27,New
MRD-DE139,2023-05-14 20:06:27,New
MRD-DE140,2023-05-14 20:06:27,New
MRD-DE141,2023-05-14 20:06:27,New
MRD-DE142,2023-05-14 20:06:27,New
MRD-DE143,2023-05-14 20:06:27,New
MRD-EN000,2023-05-14 20:05:56,New
MRD-EN001,2023-05-14 20:05:56,New
MRD-EN002,2023-05-14 20:05:56,New
MRD-EN003,2023-05-14 20:05:56,New
MRD-EN004,2023-05-14 20:05:56,New
MRD-EN005,2023-05-14 20:05:56,New
MRD-EN006,2023-05-14 20:05:56,New
MRD-EN007,2023-05-14 20:05:56,New
MRD-EN008,2023-05-14 20:05:56,New
MRD-EN009,2023-05-14 20:05:56,New
MRD-EN010,2023-05-14 20:05:56,New
MRD-EN011,2023-05-14 20:05:56,New
MRD-EN012,2023-05-14 20:05:56,New
MRD-EN013,2023-05-14 20:05:56,New
MRD-EN014,2023-05-14 20:05:56,New
MRD-EN015,2023-05-14 20:05:56,New
MRD-EN016,2023-05-14 20:05:56,New
MRD-EN017,2023-05-14 20:05:56,New
MRD-EN018,2023-05-14 20:05:56,New
MRD-EN019,2023-05-14 20:05:56,New
MRD-EN020,2023-05-14 20:05:56,New
MRD-EN021,2023-05-14 20:05:56,New
MRD-EN022,2023-05-14 20:05:56,New
MRD-EN023,2023-05-14 20:05:56,New
MRD-EN024,2023-05-14 20:05:56,New
MRD-EN025,2023-05-14 20:05:56,New
MRD-EN026,2023-05-14 20:05:56,New
MRD-EN027,2023-05-14 20:05:56,New
MRD-EN028,2023-05-14 20:05:56,New
MRD-EN029,2023-05-14 20:05:56,New
MRD-EN030,2023-05-14 20:05:56,New
MRD-EN031,2023-05-14 20:05:56,New
MRD-EN032,2023-05-14 20:05:56,New
MRD-EN033,2023-05-14 20:05:56,New
MRD-EN034,2023-05-14 20:05:56,New
MRD-EN035,2023-05-14 20:05:56,New
MRD-EN036,2023-05-14 20:05:56,New
MRD-EN037,2023-05-14 20:05:56,New
MRD-EN038,2023-05-14 20:05:56,New
MRD-EN039,2023-05-14 20:05:56,New
MRD-EN040,2023-05-14 20:05:56,New
MRD-EN041,2023-05-14 20:05:56,New
MRD-EN042,2023-05-14 20:05:56,New
MRD-EN043,2023-05-14 20:05:56,New
MRD-EN044,2023-05-14 20:05:56,New
MRD-EN045,2023-05-14 20:05:56,New
MRD-EN046,2023-05-14 20:05:56,New
MRD-EN047,2023-05-14 20:05:56,New
MRD-EN048,2023-05-14 20:05:56,New
MRD-EN049,2023-05-14 20:05:56,New
MRD-EN050,2023-05-14 20:05:56,New
MRD-EN051,2023-05-14 20:05:56,New
MRD-EN052,2023-05-14 20:05:56,New
MRD-EN053,2023-05-14 20:05:56,New
MRD-EN054,2023-05-14 20:05:56,New
MRD-EN055,2023-05-14 20:05:56,New
MRD-EN056,2023-05-14 20:05:56,New
MRD-EN057,2023-05-14 20:05:56,New
MRD-EN058,2023-05-14 20:05:56,New
MRD-EN059,2023-05-14 20:05:56,New
MRD-EN060,2023-05-14 20:05:56,New
MRD-EN061,2023-05-14 20:05:56,New
MRD-EN062,2023-05-14 20:05:56,New
MRD-EN063,2023-05-14 20:05:56,New
MRD-EN064,2023-05-14 20:05:56,New
MRD-EN065,2023-05-14 20:05:56,New
MRD-EN066,2023-05-14 20:05:56,New
MRD-EN067,2023-05-14 20:05:56,New
MRD-EN068,2023-05-14 20:05:56,New
MRD-EN069,2023-05-14 20:05:56,New
MRD-EN070,2023-05-14 20:05:56,New
MRD-EN071,2023-05-14 20:05:56,New
MRD-EN072,2023-05-14 20:05:56,New
MRD-EN073,2023-05-14 20:05:56,New
MRD-EN074,2023-05-14 20:05:56,New
MRD-EN075,2023-05-14 20:05:56,New
MRD-EN076,2023-05-14 20:05:56,New
MRD-EN077,2023-05-14 20:05:56,New
MRD-EN078,2023-05-14 20:05:56,New
MRD-EN079,2023-05-14 20:05:56,New
MRD-EN080,2023-05-14 20:05:56,New
MRD-EN081,2023-05-14 20:05:56,New
MRD-EN082,2023-05-14 20:05:56,New
MRD-EN083,2023-05-14 20:05:56,New
MRD-EN084,2023-05-14 20:05:56,New
MRD-EN085,2023-05-14 20:05:56,New
MRD-EN086,2023-05-14 20:05:56,New
MRD-EN087,2023-05-14 20:05:56,New
MRD-EN088,2023-05-14 20:05:56,New
MRD-EN089,2023-05-14 20:05:56,New
MRD-EN090,2023-05-14 20:05:56,New
MRD-EN091,2023-05-14 20:05:56,New
MRD-EN092,2023-05-14 20:05:56,New
MRD-EN093,2023-05-14 20:05:56,New
MRD-EN094,2023-05-14 20:05:56,New
MRD-EN095,2023-05-14 20:05:56,New
MRD-EN096,2023-05-14 20:05:56,New
MRD-EN097,2023-05-14 20:05:56,New
MRD-EN098,2023-05-14 20:05:56,New
MRD-EN099,2023-05-14 20:05:56,New
MRD-EN100,2023-05-14 20:05:56,New
MRD-EN101,2023-05-14 20:05:56,New
MRD-EN102,2023-05-14 20:05:56,New
MRD-EN103,2023-05-14 20:05:56,New
MRD-EN104,2023-05-14 20:05:56,New
MRD-EN105,2023-05-14 20:05:56,New
MRD-EN106,2023-05-14 20:05:56,New
MRD-EN107,2023-05-14 20:05:56,New
MRD-EN108,2023-05-14 20:05:56,New
MRD-EN109,2023-05-14 20:05:56,New
MRD-EN110,2023-05-14 20:05:56,New
MRD-EN111,2023-05-14 20:05:56,New
MRD-EN112,2023-05-14 20:05:56,New
MRD-EN113,2023-05-14 20:05:56,New
MRD-EN114,2023-05-14 20:05:56,New
MRD-EN115,2023-05-14 20:05:56,New
MRD-EN116,2023-05-14 20:05:56,New
MRD-EN117,2023-05-14 20:05:56,New
MRD-EN118,2023-05-14 20:05:56,New
MRD-EN119,2023-05-14 20:05:56,New
MRD-EN120,2023-05-14 20:05:56,New
MRD-EN121,2023-05-14 20:05:56,New
MRD-EN122,2023-05-14 20:05:56,New
MRD-EN123,2023-05-14 20:05:56,New
MRD-EN124,2023-05-14 20:05:56,New
MRD-EN125,2023-05-14 20:05:56,New
MRD-EN126,2023-05-14 20:05:56,New
MRD-EN127,2023-05-14 20:05:56,New
MRD-EN128,2023-05-14 20:05:56,New
MRD-EN129,2023-05-14 20:05:56,New
MRD-EN130,2023-05-14 20:05:56,New
MRD-EN131,2023-05-14 20:05:56,New
MRD-EN132,2023-05-14 20:05:56,New
MRD-EN133,2023-05-14 20:05:56,New
MRD-EN134,2023-05-14 20:05:56,New
MRD-EN135,2023-05-14 20:05:56,New
MRD-EN136,2023-05-14 20:05:56,New
MRD-EN137,2023-05-14 20:05:56,New
MRD-EN138,2023-05-14 20:05:56,New
MRD-EN139,2023-05-14 20:05:56,New
MRD-EN140,2023-05-14 20:05:56,New
MRD-EN141,2023-05-14 20:05:56,New
MRD-EN142,2023-05-14 20:05:56,New
MRD-EN143,2023-05-14 20:05:56,New
MRD-FR000,2023-05-14 20:06:17,New
MRD-FR001,2023-05-14 20:06:17,New
MRD-FR002,2023-05-14 20:06:17,New
MRD-FR003,2023-05-14 20:06:17,New
MRD-FR004,2023-05-14 20:06:17,New
MRD-FR005,2023-05-14 20:06:17,New
MRD-FR006,2023-05-14 20:06:17,New
MRD-FR007,2023-05-14 20:06:17,New
MRD-FR008,2023-05-14 20:06:17,New
MRD-FR009,2023-05-14 20:06:17,New
MRD-FR010,2023-05-14 20:06:17,New
MRD-FR011,2023-05-14 20:06:17,New
MRD-FR012,2023-05-14 20:06:17,New
MRD-FR013,2023-05-14 20:06:17,New
MRD-FR014,2023-05-14 20:06:17,New
MRD-FR015,2023-05-14 20:06:17,New
MRD-FR016,2023-05-14 20:06:17,New
MRD-FR017,2023-05-14 20:06:17,New
MRD-FR018,2023-05-14 20:06:17,New
MRD-FR019,2023-05-14 20:06:17,New
MRD-FR020,2023-05-14 20:06:17,New
MRD-FR021,2023-05-14 20:06:17,New
MRD-FR022,2023-05-14 20:06:17,New
MRD-FR023,2023-05-14 20:06:17,New
MRD-FR024,2023-05-14 20:06:17,New
MRD-FR025,2023-05-14 20:06:17,New
MRD-FR026,2023-05-14 20:06:17,New
MRD-FR027,2023-05-14 20:06:17,New
MRD-FR028,2023-05-14 20:06:17,New
MRD-FR029,2023-05-14 20:06:17,New
MRD-FR030,2023-05-14 20:06:17,New
MRD-FR031,2023-05-14 20:06:17,New
MRD-FR032,2023-05-14 20:06:17,New
MRD-FR033,2023-05-14 20:06:17,New
MRD-FR034,2023-05-14 20:06:17,New
MRD-FR035,2023-05-14 20:06:17,New
MRD-FR036,2023-05-14 20:06:17,New
MRD-FR037,2023-05-14 20:06:17,New
MRD-FR038,2023-05-14 20:06:17,New
MRD-FR039,2023-05-14 20:06:17,New
MRD-FR040,2023-05-14 20:06:17,New
MRD-FR041,2023-05-14 20:06:17,New
MRD-FR042,2023-05-14 20:06:17,New
MRD-FR043,2023-05-14 20:06:17,New
MRD-FR044,2023-05-14 20:06:17,New
MRD-FR045,2023-05-14 20:06:17,New
MRD-FR046,2023-05-14 20:06:17,New
MRD-FR047,2023-05-14 20:06:17,New
MRD-FR048,2023-05-14 20:06:17,New
MRD-FR049,2023-05-14 20:06:17,New
MRD-FR050,2023-05-14 20:06:17,New
MRD-FR051,2023-05-14 20:06:17,New
MRD-FR052,2023-05-14 20:06:17,New
MRD-FR053,2023-05-14 20:06:17,New
MRD-FR054,2023-05-14 20:06:17,New
MRD-FR055,2023-05-14 20:06:17,New
MRD-FR056,2023-05-14 20:06:17,New
MRD-FR057,2023-05-14 20:06:17,New
MRD-FR058,2023-05-14 20:06:17,New
MRD-FR059,2023-05-14 20:06:17,New
MRD-FR060,2023-05-14 20:06:17,New
MRD-FR061,2023-05-14 20:06:17,New
MRD-FR062,2023-05-14 20:06:17,New
MRD-FR063,2023-05-14 20:06:17,New
MRD-FR064,2023-05-14 20:06:17,New
MRD-FR065,2023-05-14 20:06:17,New
MRD-FR066,2023-05-14 20:06:17,New
MRD-FR067,2023-05-14 20:06:17,New
MRD-FR068,2023-05-14 20:06:17,New
MRD-FR069,2023-05-14 20:06:17,New
MRD-FR070,2023-05-14 20:06:17,New
MRD-FR071,2023-05-14 20:06:17,New
MRD-FR072,2023-05-14 20:06:17,New
MRD-FR073,2023-05-14 20:06:17,New
MRD-FR074,2023-05-14 20:06:17,New
MRD-FR075,2023-05-14 20:06:17,New
MRD-FR076,2023-05-14 20:06:17,New
MRD-FR077,2023-05-14 20:06:17,New
MRD-FR078,2023-05-14 20:06:17,New
MRD-FR079,2023-05-14 20:06:17,New
MRD-FR080,2023-05-14 20:06:17,New
MRD-FR081,2023-05-14 20:06:17,New
MRD-FR082,2023-05-14 20:06:17,New
MRD-FR083,2023-05-14 20:06:17,New
MRD-FR084,2023-05-14 20:06:17,New
MRD-FR085,2023-05-14 20:06:17,New
MRD-FR086,2023-05-14 20:06:17,New
MRD-FR087,2023-05-14 20:06:17,New
MRD-FR088,2023-05-14 20:06:17,New
MRD-FR089,2023-05-14 20:06:17,New
MRD-FR090,2023-05-14 20:06:17,New
MRD-FR091,2023-05-14 20:06:17,New
MRD-FR092,2023-05-14 20:06:17,New
MRD-FR093,2023-05-14 20:06:17,New
MRD-FR094,2023-05-14 20:06:17,New
MRD-FR095,2023-05-14 20:06:17,New
MRD-FR096,2023-05-14 20:06:17,New
MRD-FR097,2023-05-14 20:06:17,New
MRD-FR098,2023-05-14 20:06:17,New
MRD-FR099,2023-05-14 20:06:17,New
MRD-FR100,2023-05-14 20:06:17,New
MRD-FR101,2023-05-14 20:06:17,New
MRD-FR102,2023-05-14 20:06:17,New
MRD-FR103,2023-05-14 20:06:17,New
MRD-FR104,2023-05-14 20:06:17,New
MRD-FR105,2023-05-14 20:06:17,New
MRD-FR106,2023-05-14 20:06:17,New
MRD-FR107,2023-05-14 20:06:17,New
MRD-FR108,2023-05-14 20:06:17,New
MRD-FR109,2023-05-14 20:06:17,New
MRD-FR110,2023-05-14 20:06:17,New
MRD-FR111,2023-05-14 20:06:17,New
MRD-FR112,2023-05-14 20:06:17,New
MRD-FR113,2023-05-14 20:06:17,New
MRD-FR114,2023-05-14 20:06:17,New
MRD-FR115,2023-05-14 20:06:17,New
MRD-FR116,2023-05-14 20:06:17,New
MRD-FR117,2023-05-14 20:06:17,New
MRD-FR118,2023-05-14 20:06:17,New
MRD-FR119,2023-05-14 20:06:17,New
MRD-FR120,2023-05-14 20:06:17,New
MRD-FR121,2023-05-14 20:06:17,New
MRD-FR122,2023-05-14 20:06:17,New
MRD-FR123,2023-05-14 20:06:17,New
MRD-FR124,2023-05-14 20:06:17,New
MRD-FR125,2023-05-14 20:06:17,New
MRD-FR126,2023-05-14 20:06:17,New
MRD-FR127,2023-05-14 20:06:17,New
MRD-FR128,2023-05-14 20:06:17,New
MRD-FR129,2023-05-14 20:06:17,New
MRD-FR130,2023-05-14 20:06:17,New
MRD-FR131,2023-05-14 20:06:17,New
MRD-FR132,2023-05-14 20:06:17,New
MRD-FR133,2023-05-14 20:06:17,New
MRD-FR134,2023-05-14 20:06:17,New
MRD-FR135,2023-05-14 20:06:17,New
MRD-FR136,2023-05-14 20:06:17,New
MRD-FR137,2023-05-14 20:06:17,New
MRD-FR138,2023-05-14 20:06:17,New
MRD-FR139,2023-05-14 20:06:17,New
MRD-FR140,2023-05-14 20:06:17,New
MRD-FR141,2023-05-14 20:06:17,New
MRD-FR142,2023-05-14 20:06:17,New
MRD-FR143,2023-05-14 20:06:17,New
MRD-IT000,2023-05-14 20:06:40,New
MRD-IT001,2023-05-14 20:06:40,New
MRD-IT002,2023-05-14 20:06:40,New
MRD-IT003,2023-05-14 20:06:40,New
MRD-IT004,2023-05-14 20:06:40,New
MRD-IT005,2023-05-14 20:06:40,New
MRD-IT006,2023-05-14 20:06:40,New
MRD-IT007,2023-05-14 20:06:40,New
MRD-IT008,2023-05-14 20:06:40,New
MRD-IT009,2023-05-14 20:06:40,New
MRD-IT010,2023-05-14 20:06:40,New
MRD-IT011,2023-05-14 20:06:40,New
MRD-IT012,2023-05-14 20:06:40,New
MRD-IT013,2023-05-14 20:06:40,New
MRD-IT014,2023-05-14 20:06:40,New
MRD-IT015,2023-05-14 20:06:40,New
MRD-IT016,2023-05-14 20:06:40,New
MRD-IT017,2023-05-14 20:06:40,New
MRD-IT018,2023-05-14 20:06:40,New
MRD-IT019,2023-05-14 20:06:40,New
MRD-IT020,2023-05-14 20:06:40,New
MRD-IT021,2023-05-14 20:06:40,New
MRD-IT022,2023-05-14 20:06:40,New
MRD-IT023,2023-05-14 20:06:40,New
MRD-IT024,2023-05-14 20:06:40,New
MRD-IT025,2023-05-14 20:06:40,New
MRD-IT026,2023-05-14 20:06:40,New
MRD-IT027,2023-05-14 20:06:40,New
MRD-IT028,2023-05-14 20:06:40,New
MRD-IT029,2023-05-14 20:06:40,New
MRD-IT030,2023-05-14 20:06:40,New
MRD-IT031,2023-05-14 20:06:40,New
MRD-IT032,2023-05-14 20:06:40,New
MRD-IT033,2023-05-14 20:06:40,New
MRD-IT034,2023-05-14 20:06:40,New
MRD-IT035,2023-05-14 20:06:40,New
MRD-IT036,2023-05-14 20:06:40,New
MRD-IT037,2023-05-14 20:06:40,New
MRD-IT038,2023-05-14 20:06:40,New
MRD-IT039,2023-05-14 20:06:40,New
MRD-IT040,2023-05-14 20:06:40,New
MRD-IT041,2023-05-14 20:06:40,New
MRD-IT042,2023-05-14 20:06:40,New
MRD-IT043,2023-05-14 20:06:40,New
MRD-IT044,2023-05-14 20:06:40,New
MRD-IT045,2023-05-14 20:06:40,New
MRD-IT046,2023-05-14 20:06:40,New
MRD-IT047,2023-05-14 20:06:40,New
MRD-IT048,2023-05-14 20:06:40,New
MRD-IT049,2023-05-14 20:06:40,New
MRD-IT050,2023-05-14 20:06:40,New
MRD-IT051,2023-05-14 20:06:40,New
MRD-IT052,2023-05-14 20:06:40,New
MRD-IT053,2023-05-14 20:06:40,New
MRD-IT054,2023-05-14 20:06:40,New
MRD-IT055,2023-05-14 20:06:40,New
MRD-IT056,2023-05-14 20:06:40,New
MRD-IT057,2023-05-14 20:06:40,New
MRD-IT058,2023-05-14 20:06:40,New
MRD-IT059,2023-05-14 20:06:40,New
MRD-IT060,2023-05-14 20:06:40,New
MRD-IT061,2023-05-14 20:06:40,New
MRD-IT062,2023-05-14 20:06:40,New
MRD-IT063,2023-05-14 20:06:40,New
MRD-IT064,2023-05-14 20:06:40,New
MRD-IT065,2023-05-14 20:06:40,New
MRD-IT066,2023-05-14 20:06:40,New
MRD-IT067,2023-05-14 20:06:40,New
MRD-IT068,2023-05-14 20:06:40,New
MRD-IT069,2023-05-14 20:06:40,New
MRD-IT070,2023-05-14 20:06:40,New
MRD-IT071,2023-05-14 20:06:40,New
MRD-IT072,2023-05-14 20:06:40,New
MRD-IT073,2023-05-14 20:06:40,New
MRD-IT074,2023-05-14 20:06:40,New
MRD-IT075,2023-05-14 20:06:40,New
MRD-IT076,2023-05-14 20:06:40,New
MRD-IT077,2023-05-14 20:06:40,New
MRD-IT078,2023-05-14 20:06:40,New
MRD-IT079,2023-05-14 20:06:40,New
MRD-IT080,2023-05-14 20:06:40,New
MRD-IT081,2023-05-14 20:06:40,New
MRD-IT082,2023-05-14 20:06:40,New
MRD-IT083,2023-05-14 20:06:40,New
MRD-IT084,2023-05-14 20:06:40,New
MRD-IT085,2023-05-14 20:06:40,New
MRD-IT086,2023-05-14 20:06:40,New
MRD-IT087,2023-05-14 20:06:40,New
MRD-IT088,2023-05-14 20:06:40,New
MRD-IT089,2023-05-14 20:06:40,New
MRD-IT090,2023-05-14 20:06:40,New
MRD-IT091,2023-05-14 20:06:40,New
MRD-IT092,2023-05-14 20:06:40,New
MRD-IT093,2023-05-14 20:06:40,New
MRD-IT094,2023-05-14 20:06:40,New
MRD-IT095,2023-05-14 20:06:40,New
MRD-IT096,2023-05-14 20:06:40,New
MRD-IT097,2023-05-14 20:06:40,New
MRD-IT098,2023-05-14 20:06:40,New
MRD-IT099,2023-05-14 20:06:40,New
MRD-IT100,2023-05-14 20:06:40,New
MRD-IT101,2023-05-14 20:06:40,New
MRD-IT102,2023-05-14 20:06:40,New
MRD-IT103,2023-05-14 20:06:40,New
MRD-IT104,2023-05-14 20:06:40,New
MRD-IT105,2023-05-14 20:06:40,New
MRD-IT106,2023-05-14 20:06:40,New
MRD-IT107,2023-05-14 20:06:40,New
MRD-IT108,2023-05-14 20:06:40,New
MRD-IT109,2023-05-14 20:06:40,New
MRD-IT110,2023-05-14 20:06:40,New
MRD-IT111,2023-05-14 20:06:40,New
MRD-IT112,2023-05-14 20:06:40,New
MRD-IT113,2023-05-14 20:06:40,New
MRD-IT114,2023-05-14 20:06:40,New
MRD-IT115,2023-05-14 20:06:40,New
MRD-IT116,2023-05-14 20:06:40,New
MRD-IT117,2023-05-14 20:06:40,New
MRD-IT118,2023-05-14 20:06:40,New
MRD-IT119,2023-05-14 20:06:40,New
MRD-IT120,2023-05-14 20:06:40,New
MRD-IT121,2023-05-14 20:06:40,New
MRD-IT122,2023-05-14 20:06:40,New
MRD-IT123,2023-05-14 20:06:40,New
MRD-IT124,2023-05-14 20:06:40,New
MRD-IT125,2023-05-14 20:06:40,New
MRD-IT126,2023-05-14 20:06:40,New
MRD-IT127,2023-05-14 20:06:40,New
MRD-IT128,2023-05-14 20:06:40,New
MRD-IT129,2023-05-14 20:06:40,New
MRD-IT130,2023-05-14 20:06:40,New
MRD-IT131,2023-05-14 20:06:40,New
MRD-IT132,2023-05-14 20:06:40,New
MRD-IT133,2023-05-14 20:06:40,New
MRD-IT134,2023-05-14 20:06:40,New
MRD-IT135,2023-05-14 20:06:40,New
MRD-IT136,2023-05-14 20:06:40,New
MRD-IT137,2023-05-14 20:06:40,New
MRD-IT138,2023-05-14 20:06:40,New
MRD-IT139,2023-05-14 20:06:40,New
MRD-IT140,2023-05-14 20:06:40,New
MRD-IT141,2023-05-14 20:06:40,New
MRD-IT142,2023-05-14 20:06:40,New
MRD-IT143,2023-05-14 20:06:40,New
MRD-PT000,2023-05-14 20:06:49,New
MRD-PT001,2023-05-14 20:06:49,New
MRD-PT002,2023-05-14 20:06:49,New
MRD-PT003,2023-05-14 20:06:49,New
MRD-PT004,2023-05-14 20:06:49,New
MRD-PT005,2023-05-14 20:06:49,New
MRD-PT006,2023-05-14 20:06:49,New
MRD-PT007,2023-05-14 20:06:49,New
MRD-PT008,2023-05-14 20:06:49,New
MRD-PT009,2023-05-14 20:06:49,New
MRD-PT010,2023-05-14 20:06:49,New
MRD-PT011,2023-05-14 20:06:49,New
MRD-PT012,2023-05-14 20:06:49,New
MRD-PT013,2023-05-14 20:06:49,New
MRD-PT014,2023-05-14 20:06:49,New
MRD-PT015,2023-05-14 20:06:49,New
MRD-PT016,2023-05-14 20:06:49,New
MRD-PT017,2023-05-14 20:06:49,New
MRD-PT018,2023-05-14 20:06:49,New
MRD-PT019,2023-05-14 20:06:49,New
MRD-PT020,2023-05-14 20:06:49,New
MRD-PT021,2023-05-14 20:06:49,New
MRD-PT022,2023-05-14 20:06:49,New
MRD-PT023,2023-05-14 20:06:49,New
MRD-PT024,2023-05-14 20:06:49,New
MRD-PT025,2023-05-14 20:06:49,New
MRD-PT026,2023-05-14 20:06:49,New
MRD-PT027,2023-05-14 20:06:49,New
MRD-PT028,2023-05-14 20:06:49,New
MRD-PT029,2023-05-14 20:06:49,New
MRD-PT030,2023-05-14 20:06:49,New
MRD-PT031,2023-05-14 20:06:49,New
MRD-PT032,2023-05-14 20:06:49,New
MRD-PT033,2023-05-14 20:06:49,New
MRD-PT034,2023-05-14 20:06:49,New
MRD-PT035,2023-05-14 20:06:49,New
MRD-PT036,2023-05-14 20:06:49,New
MRD-PT037,2023-05-14 20:06:49,New
MRD-PT038,2023-05-14 20:06:49,New
MRD-PT039,2023-05-14 20:06:49,New
MRD-PT040,2023-05-14 20:06:49,New
MRD-PT041,2023-05-14 20:06:49,New
MRD-PT042,2023-05-14 20:06:49,New
MRD-PT043,2023-05-14 20:06:49,New
MRD-PT044,2023-05-14 20:06:49,New
MRD-PT045,2023-05-14 20:06:49,New
MRD-PT046,2023-05-14 20:06:49,New
MRD-PT047,2023-05-14 20:06:49,New
MRD-PT048,2023-05-14 20:06:49,New
MRD-PT049,2023-05-14 20:06:49,New
MRD-PT050,2023-05-14 20:06:49,New
MRD-PT051,2023-05-14 20:06:49,New
MRD-PT052,2023-05-14 20:06:49,New
MRD-PT053,2023-05-14 20:06:49,New
MRD-PT054,2023-05-14 20:06:49,New
MRD-PT055,2023-05-14 20:06:49,New
MRD-PT056,2023-05-14 20:06:49,New
MRD-PT057,2023-05-14 20:06:49,New
MRD-PT058,2023-05-14 20:06:49,New
MRD-PT059,2023-05-14 20:06:49,New
MRD-PT060,2023-05-14 20:06:49,New
MRD-PT061,2023-05-14 20:06:49,New
MRD-PT062,2023-05-14 20:06:49,New
MRD-PT063,2023-05-14 20:06:49,New
MRD-PT064,2023-05-14 20:06:49,New
MRD-PT065,2023-05-14 20:06:49,New
MRD-PT066,2023-05-14 20:06:49,New
MRD-PT067,2023-05-14 20:06:49,New
MRD-PT068,2023-05-14 20:06:49,New
MRD-PT069,2023-05-14 20:06:49,New
MRD-PT070,2023-05-14 20:06:49,New
MRD-PT071,2023-05-14 20:06:49,New
MRD-PT072,2023-05-14 20:06:49,New
MRD-PT073,2023-05-14 20:06:49,New
MRD-PT074,2023-05-14 20:06:49,New
MRD-PT075,2023-05-14 20:06:49,New
MRD-PT076,2023-05-14 20:06:49,New
MRD-PT077,2023-05-14 20:06:49,New
MRD-PT078,2023-05-14 20:06:49,New
MRD-PT079,2023-05-14 20:06:49,New
MRD-PT080,2023-05-14 20:06:49,New
MRD-PT081,2023-05-14 20:06:49,New
MRD-PT082,2023-05-14 20:06:49,New
MRD-PT083,2023-05-14 20:06:49,New
MRD-PT084,2023-05-14 20:06:49,New
MRD-PT085,2023-05-14 20:06:49,New
MRD-PT086,2023-05-14 20:06:49,New
MRD-PT087,2023-05-14 20:06:49,New
MRD-PT088,2023-05-14 20:06:49,New
MRD-PT089,2023-05-14 20:06:49,New
MRD-PT090,2023-05-14 20:06:49,New
MRD-PT091,2023-05-14 20:06:49,New
MRD-PT092,2023-05-14 20:06:49,New
MRD-PT093,2023-05-14 20:06:49,New
MRD-PT094,2023-05-14 20:06:49,New
MRD-PT095,2023-05-14 20:06:49,New
MRD-PT096,2023-05-14 20:06:49,New
MRD-PT097,2023-05-14 20:06:49,New
MRD-PT098,2023-05-14 20:06:49,New
MRD-PT099,2023-05-14 20:06:49,New
MRD-PT100,2023-05-14 20:06:49,New
MRD-PT101,2023-05-14 20:06:49,New
MRD-PT102,2023-05-14 20:06:49,New
MRD-PT103,2023-05-14 20:06:49,New
MRD-PT104,2023-05-14 20:06:49,New
MRD-PT105,2023-05-14 20:06:49,New
MRD-PT106,2023-05-14 20:06:49,New
MRD-PT107,2023-05-14 20:06:49,New
MRD-PT108,2023-05-14 20:06:49,New
MRD-PT109,2023-05-14 20:06:49,New
MRD-PT110,2023-05-14 20:06:49,New
MRD-PT111,2023-05-14 20:06:49,New
MRD-PT112,2023-05-14 20:06:49,New
MRD-PT113,2023-05-14 20:06:49,New
MRD-PT114,2023-05-14 20:06:49,New
MRD-PT115,2023-05-14 20:06:49,New
MRD-PT116,2023-05-14 20:06:49,New
MRD-PT117,2023-05-14 20:06:49,New
MRD-PT118,2023-05-14 20:06:49,New
MRD-PT119,2023-05-14 20:06:49,New
MRD-PT120,2023-05-14 20:06:49,New
MRD-PT121,2023-05-14 20:06:49,New
MRD-PT122,2023-05-14 20:06:49,New
MRD-PT123,2023-05-14 20:06:49,New
MRD-PT124,2023-05-14 20:06:49,New
MRD-PT125,2023-05-14 20:06:49,New
MRD-PT126,2023-05-14 20:06:49,New
MRD-PT127,2023-05-14 20:06:49,New
MRD-PT128,2023-05-14 20:06:49,New
MRD-PT129,2023-05-14 20:06:49,New
MRD-PT130,2023-05-14 20:06:49,New
MRD-PT131,2023-05-14 20:06:49,New
MRD-PT132,2023-05-14 20:06:49,New
MRD-PT133,2023-05-14 20:06:49,New
MRD-PT134,2023-05-14 20:06:49,New
MRD-PT135,2023-05-14 20:06:49,New
MRD-PT136,2023-05-14 20:06:49,New
MRD-PT137,2023-05-14 20:06:49,New
MRD-PT138,2023-05-14 20:06:49,New
MRD-PT139,2023-05-14 20:06:49,New
MRD-PT140,2023-05-14 20:06:49,New
MRD-PT141,2023-05-14 20:06:49,New
MRD-PT142,2023-05-14 20:06:49,New
MRD-PT143,2023-05-14 20:06:49,New
MRD-SP000,2023-05-14 20:07:01,New
MRD-SP001,2023-05-14 20:07:01,New
MRD-SP002,2023-05-14 20:07:01,New
MRD-SP003,2023-05-14 20:07:01,New
MRD-SP004,2023-05-14 20:07:01,New
MRD-SP005,2023-05-14 20:07:01,New
MRD-SP006,2023-05-14 20:07:01,New
MRD-SP007,2023-05-14 20:07:01,New
MRD-SP008,2023-05-14 20:07:01,New
MRD-SP009,2023-05-14 20:07:01,New
MRD-SP010,2023-05-14 20:07:01,New
MRD-SP011,2023-05-14 20:07:01,New
MRD-SP012,2023-05-14 20:07:01,New
MRD-SP013,2023-05-14 20:07:01,New
MRD-SP014,2023-05-14 20:07:01,New
MRD-SP015,2023-05-14 20:07:01,New
MRD-SP016,2023-05-14 20:07:01,New
MRD-SP017,2023-05-14 20:07:01,New
MRD-SP018,2023-05-14 20:07:01,New
MRD-SP019,2023-05-14 20:07:01,New
MRD-SP020,2023-05-14 20:07:01,New
MRD-SP021,2023-05-14 20:07:01,New
MRD-SP022,2023-05-14 20:07:01,New
MRD-SP023,2023-05-14 20:07:01,New
MRD-SP024,2023-05-14 20:07:01,New
MRD-SP025,2023-05-14 20:07:01,New
MRD-SP026,2023-05-14 20:07:01,New
MRD-SP027,2023-05-14 20:07:01,New
MRD-SP028,2023-05-14 20:07:01,New
MRD-SP029,2023-05-14 20:07:01,New
MRD-SP030,2023-05-14 20:07:01,New
MRD-SP031,2023-05-14 20:07:01,New
MRD-SP032,2023-05-14 20:07:01,New
MRD-SP033,2023-05-14 20:07:01,New
MRD-SP034,2023-05-14 20:07:01,New
MRD-SP035,2023-05-14 20:07:01,New
MRD-SP036,2023-05-14 20:07:01,New
MRD-SP037,2023-05-14 20:07:01,New
MRD-SP038,2023-05-14 20:07:01,New
MRD-SP039,2023-05-14 20:07:01,New
MRD-SP040,2023-05-14 20:07:01,New
MRD-SP041,2023-05-14 20:07:01,New
MRD-SP042,2023-05-14 20:07:01,New
MRD-SP043,2023-05-14 20:07:01,New
MRD-SP044,2023-05-14 20:07:01,New
MRD-SP045,2023-05-14 20:07:01,New
MRD-SP046,2023-05-14 20:07:01,New
MRD-SP047,2023-05-14 20:07:01,New
MRD-SP048,2023-05-14 20:07:01,New
MRD-SP049,2023-05-14 20:07:01,New
MRD-SP050,2023-05-14 20:07:01,New
MRD-SP051,2023-05-14 20:07:01,New
MRD-SP052,2023-05-14 20:07:01,New
MRD-SP053,2023-05-14 20:07:01,New
MRD-SP054,2023-05-14 20:07:01,New
MRD-SP055,2023-05-14 20:07:01,New
MRD-SP056,2023-05-14 20:07:01,New
MRD-SP057,2023-05-14 20:07:01,New
MRD-SP058,2023-05-14 20:07:01,New
MRD-SP059,2023-05-14 20:07:01,New
MRD-SP060,2023-05-14 20:07:01,New
MRD-SP061,2023-05-14 20:07:01,New
MRD-SP062,2023-05-14 20:07:01,New
MRD-SP063,2023-05-14 20:07:01,New
MRD-SP064,2023-05-14 20:07:01,New
MRD-SP065,2023-05-14 20:07:01,New
MRD-SP066,2023-05-14 20:07:01,New
MRD-SP067,2023-05-14 20:07:01,New
MRD-SP068,2023-05-14 20:07:01,New
MRD-SP069,2023-05-14 20:07:01,New
MRD-SP070,2023-05-14 20:07:01,New
MRD-SP071,2023-05-14 20:07:01,New
MRD-SP072,2023-05-14 20:07:01,New
MRD-SP073,2023-05-14 20:07:01,New
MRD-SP074,2023-05-14 20:07:01,New
MRD-SP075,2023-05-14 20:07:01,New
MRD-SP076,2023-05-14 20:07:01,New
MRD-SP077,2023-05-14 20:07:01,New
MRD-SP078,2023-05-14 20:07:01,New
MRD-SP079,2023-05-14 20:07:01,New
MRD-SP080,2023-05-14 20:07:01,New
MRD-SP081,2023-05-14 20:07:01,New
MRD-SP082,2023-05-14 20:07:01,New
MRD-SP083,2023-05-14 20:07:01,New
MRD-SP084,2023-05-14 20:07:01,New
MRD-SP085,2023-05-14 20:07:01,New
MRD-SP086,2023-05-14 20:07:01,New
MRD-SP087,2023-05-14 20:07:01,New
MRD-SP088,2023-05-14 20:07:01,New
MRD-SP089,2023-05-14 20:07:01,New
MRD-SP090,2023-05-14 20:07:01,New
MRD-SP091,2023-05-14 20:07:01,New
MRD-SP092,2023-05-14 20:07:01,New
MRD-SP093,2023-05-14 20:07:01,New
MRD-SP094,2023-05-14 20:07:01,New
MRD-SP095,2023-05-14 20:07:01,New
MRD-SP096,2023-05-14 20:07:01,New
MRD-SP097,2023-05-14 20:07:01,New
MRD-SP098,2023-05-14 20:07:01,New
MRD-SP099,2023-05-14 20:07:01,New
MRD-SP100,2023-05-14 20:07:01,New
MRD-SP101,2023-05-14 20:07:01,New
MRD-SP102,2023-05-14 20:07:01,New
MRD-SP103,2023-05-14 20:07:01,New
MRD-SP104,2023-05-14 20:07:01,New
MRD-SP105,2023-05-14 20:07:01,New
MRD-SP106,2023-05-14 20:07:01,New
MRD-SP107,2023-05-14 20:07:01,New
MRD-SP108,2023-05-14 20:07:01,New
MRD-SP109,2023-05-14 20:07:01,New
MRD-SP110,2023-05-14 20:07:01,New
MRD-SP111,2023-05-14 20:07:01,New
MRD-SP112,2023-05-14 20:07:01,New
MRD-SP113,2023-05-14 20:07:01,New
MRD-SP114,2023-05-14 20:07:01,New
MRD-SP115,2023-05-14 20:07:01,New
MRD-SP116,2023-05-14 20:07:01,New
MRD-SP117,2023-05-14 20:07:01,New
MRD-SP118,2023-05-14 20:07:01,New
MRD-SP119,2023-05-14 20:07:01,New
MRD-SP120,2023-05-14 20:07:01,New
MRD-SP121,2023-05-14 20:07:01,New
MRD-SP122,2023-05-14 20:07:01,New
MRD-SP123,2023-05-14 20:07:01,New
MRD-SP124,2023-05-14 20:07:01,New
MRD-SP125,2023-05-14 20:07:01,New
MRD-SP126,2023-05-14 20:07:01,New
MRD-SP127,2023-05-14 20:07:01,New
MRD-SP128,2023-05-14 20:07:01,New
MRD-SP129,2023-05-14 20:07:01,New
MRD-SP130,2023-05-14 20:07:01,New
MRD-SP131,2023-05-14 20:07:01,New
MRD-SP132,2023-05-14 20:07:01,New
MRD-SP133,2023-05-14 20:07:01,New
MRD-SP134,2023-05-14 20:07:01,New
MRD-SP135,2023-05-14 20:07:01,New
MRD-SP136,2023-05-14 20:07:01,New
MRD-SP137,2023-05-14 20:07:01,New
MRD-SP138,2023-05-14 20:07:01,New
MRD-SP139,2023-05-14 20:07:01,New
MRD-SP140,2023-05-14 20:07:01,New
MRD-SP141,2023-05-14 20:07:01,New
MRD-SP142,2023-05-14 20:07:01,New
MRD-SP143,2023-05-14 20:07:01,New
RD/CCC1-JP001,2023-05-14 22:56:18,New
RD/CCC1-JP002,2023-05-14 22:56:18,New
RD/CCC1-JP003,2023-05-14 22:56:18,New
RD/CCC1-JP004,2023-05-14 23:00:27,New
RD/CCC1-JP005,2023-05-14 23:00:27,New
RD/CCC1-JP006,2023-05-14 23:00:27,New
RD/CCC1-JPS01,2023-05-14 23:00:27,New
